{"first":{"number":0.3339017255444099},"second":{"number":5.281333961354672},"third":{"number":8.271624280590647},"fourth":{"name":"ulf"},"i":{"number":0.9689191554008736},"like":{"number":0.8958373865529334},"turtles":{"number":5.503112686604452},"iAmAKey":{"name":"ulf"}}