{"first":{"number":0.3339017255444099},"second":{"number":5.281333961354672},"third":{"number":8.271624280590647},"fourth":{"name":"ulf"}}