{"i":{"number":0.9689191554008736},"like":{"number":0.8958373865529334},"turtles":{"number":5.503112686604452},"iAmAKey":{"name":"ulf"}}